CreateTime,Duration,MaxWaitingTime
50,23,11
100,18,9
250,20,10
300,24,12
400,17,8
900,19,10
1000,17,8
1100,16,8
1150,16,8
1700,21,11
2300,20,10
2600,22,11
2800,18,9
2850,21,10
2950,16,8
3150,17,8
3300,18,9
3450,21,10
3850,19,9
4100,20,10
4200,17,9
4500,23,11
4650,16,8
5100,17,8
5200,24,12
5250,24,12
5400,21,11
5900,23,11
6250,16,8
7150,24,12
7300,22,11
7650,23,12
7800,20,10
7900,22,11
7950,17,8
8100,21,11
8200,16,8
8300,22,11
8400,21,10
8550,22,11
8650,24,12
8750,18,9
8950,24,12
9000,22,11
9300,20,10
9350,23,12
9450,19,10
9500,23,11
9550,20,10
9700,21,10
10100,24,12
10250,19,9
10300,18,9
10350,22,11
10950,23,12
11000,16,8
11450,17,9
11600,18,9
12150,24,12
12250,17,8
12400,22,11
12550,19,10
12800,16,8
12850,16,8
13150,24,12
13250,21,11
13400,17,8
13450,20,10
13700,19,10
13750,19,9
14000,17,8
14600,21,11
14750,16,8
14850,21,11
14950,21,11
15250,24,12
15650,23,12
15750,19,9
15800,21,11
15850,16,8
16200,21,10
16650,23,12
16850,18,9
17000,20,10
17050,16,8
17300,19,9
17450,21,10
17500,23,11
17800,24,12
17950,17,8
18200,19,10
18300,22,11
18350,22,11
18400,19,9
18700,24,12
18750,20,10
19100,18,9
19200,23,12
19350,23,11
19400,24,12
19500,21,11
19900,24,12
19950,19,9
20300,17,8
20350,19,10
20450,18,9
20550,19,9
20600,22,11
20800,17,8
21150,23,12
21600,17,8
21900,23,12
22000,21,11
22400,23,12
22450,21,11
22650,23,12
23000,17,8
23050,21,10
23250,16,8
23300,21,10
23800,16,8
23850,19,10
23900,20,10
24100,18,9
24200,24,12
24400,19,9
24500,24,12
24650,21,11
24800,21,11
24850,16,8
24900,22,11
25100,24,12
25650,21,11
25700,22,11
25750,19,10
25850,21,11
25900,20,10
26050,16,8
26100,16,8
26550,22,11
26600,16,8
27100,24,12
27650,21,11
28150,16,8
28600,24,12
28800,21,11
29150,17,8
29400,23,12
29500,22,11
29800,16,8
30950,19,9
31250,21,11
31300,23,12
31500,17,9
31550,23,12
31650,18,9
31750,19,10
31850,16,8
31900,18,9
32150,16,8
32550,19,10
33700,22,11
34200,16,8
34300,16,8
34450,17,8
34750,17,9
35250,17,9
35300,23,12
35550,20,10
35900,16,8
36150,19,9
36300,17,8
36350,20,10
36450,18,9
36750,21,10
36850,17,8
37750,22,11
37800,19,10
37900,19,9
37950,18,9
38400,17,8
38900,16,8
39050,24,12
39300,20,10
39550,22,11
39600,16,8
39650,17,8
39750,19,9
39850,23,12
40400,17,8
40500,17,9
40550,19,10
40650,22,11
40850,24,12
41000,18,9
41300,19,9
41650,23,12
41900,21,11
42000,24,12
42100,22,11
42150,19,9
42250,18,9
42300,19,9
42450,22,11
42650,22,11
42750,17,9
42850,17,8
42900,20,10
43050,21,11
43150,22,11
43200,20,10
43250,24,12
43300,22,11
44050,24,12
44400,23,12
44700,18,9
44800,22,11
45050,20,10
45100,18,9
45300,16,8
46100,16,8
46150,23,12
46250,24,12
46500,18,9
46650,23,11
46750,24,12
47000,19,9
47150,21,10
47450,16,8
47650,18,9
47750,18,9
48100,17,8
48400,20,10
48600,21,10
48700,24,12
49150,23,12
49250,22,11
49300,17,9
49350,23,11
49500,20,10
49600,24,12
50000,22,11
50250,22,11
50300,17,8
50350,22,11
50500,17,9
50550,22,11
50600,23,12
50900,16,8
51200,24,12
51300,21,10
51550,19,9
51700,19,9
51850,23,12
52050,22,11
52150,21,10
52450,19,9
52600,16,8
52750,24,12
52800,23,12
54100,23,12
54150,20,10
54450,20,10
54600,19,10
54650,20,10
55000,18,9
55100,20,10
55550,17,8
55700,16,8
55800,16,8
55850,21,10
56200,20,10
56300,22,11
56450,22,11
56700,17,8
56750,19,9
57050,16,8
57150,23,12
57350,21,10
57500,21,10
57600,17,9
57650,20,10
57700,20,10
57900,16,8
58500,21,11
58600,24,12
58750,23,11
58950,21,11
59600,23,12
59850,19,9
59900,20,10
60150,21,11
60200,18,9
60300,24,12
60400,22,11
60550,19,9
60600,17,9
60750,18,9
60850,21,11
60900,19,9
60950,22,11
61050,20,10
61450,23,11
61550,16,8
61700,19,9
61900,16,8
62150,21,11
62300,21,11
62400,21,11
62800,19,9
62850,20,10
63200,20,10
63750,20,10
63900,19,9
64150,21,11
64250,19,9
64300,16,8
64600,19,10
65350,23,11
65450,21,11
65550,20,10
65600,23,12
65650,18,9
65800,22,11
66400,20,10
66500,24,12
66550,18,9
66600,22,11
66800,16,8
66850,23,12
66950,17,8
67000,22,11
67050,18,9
67200,17,8
67250,23,12
67300,21,11
67450,22,11
69000,20,10
69050,21,11
69200,20,10
69650,18,9
69800,17,8
69900,16,8
70150,20,10
70300,23,12
71150,16,8
71250,17,8
71450,24,12
71600,19,9
72150,19,9
72200,19,9
72500,23,11
72650,20,10
73100,24,12
73350,23,12
73450,23,12
73650,18,9
73850,16,8
73950,21,10
74100,20,10
74400,23,12
74950,23,12
75400,21,10
75700,23,12
75750,17,8
75850,22,11
76000,18,9
76200,18,9
76550,20,10
76900,24,12
77150,21,11
77200,21,10
77300,22,11
77350,18,9
77550,19,9
77850,19,9
78200,23,12
78450,23,11
78850,23,12
79550,20,10
79850,22,11
79950,18,9
80050,19,9
80200,22,11
80300,20,10
80550,19,9
80600,17,8
80650,18,9
80800,19,9
81000,16,8
81150,19,9
81200,21,11
81400,23,12
81500,17,8
81600,22,11
81900,19,9
82300,21,11
82450,17,9
82550,18,9
82900,16,8
83250,23,11
83300,23,12
83350,20,10
83550,19,10
83700,22,11
84100,22,11
84300,16,8
84450,18,9
85200,21,11
85250,20,10
85400,16,8
85700,20,10
85750,18,9
86100,17,8
86350,22,11
86450,21,10
86500,20,10
86550,23,12
86600,19,9
86900,23,12
86950,21,10
87000,24,12
87150,24,12
87200,20,10
87450,20,10
88100,24,12
88300,22,11
88450,21,11
88700,20,10
88750,24,12
88950,22,11
89050,21,11
89200,20,10
89300,22,11
89500,21,11
90050,24,12
90250,23,11
90900,24,12
91100,16,8
91150,22,11
91200,19,9
91250,23,12
91400,22,11
91450,23,12
91500,24,12
91550,24,12
91650,19,9
91800,22,11
92100,19,10
92150,17,8
92350,23,12
92500,22,11
93050,23,12
93100,20,10
93150,20,10
93350,23,12
93550,23,12
94350,16,8
94500,24,12
94600,22,11
94700,16,8
95050,19,10
95100,22,11
95150,21,11
95650,22,11
95700,19,10
95800,16,8
96150,20,10
96250,20,10
96500,23,12
96850,23,11
96950,20,10
97100,23,12
97600,21,11
97700,20,10
97750,22,11
97950,18,9
98250,17,8
98650,20,10
98750,21,11
98900,21,11
99300,24,12
99500,17,8
99550,19,10
99700,17,8
99750,24,12
99800,22,11
99850,24,12
99950,18,9
100400,23,12
100650,16,8
101050,23,11
101200,16,8
101350,18,9
101550,22,11
101700,24,12
101750,17,8
101800,16,8
101850,16,8
102000,20,10
102100,24,12
102250,23,12
102300,18,9
102350,21,11
103050,18,9
103350,19,9
103550,24,12
103750,18,9
104000,24,12
104100,23,12
104150,20,10
104250,22,11
104500,20,10
104750,18,9
104950,16,8
105050,16,8
105100,18,9
105250,19,9
105450,20,10
105500,23,11
105600,22,11
105650,16,8
105700,18,9
105750,21,11
106050,22,11
106200,16,8
106300,20,10
106600,21,10
106750,24,12
107150,21,10
107500,21,10
107600,18,9
108100,16,8
108250,24,12
108350,22,11
108550,23,12
109000,22,11
109550,20,10
109600,16,8
109750,22,11
109800,16,8
109850,20,10
110000,16,8
111100,19,9
111450,18,9
112150,18,9
112350,18,9
112550,23,11
112600,17,8
112750,21,10
112850,22,11
112950,22,11
113100,21,10
113250,18,9
113450,23,12
113700,23,12
113850,20,10
113900,21,11
114000,23,12
114100,18,9
114600,23,12
114650,19,9
114700,18,9
115000,19,9
115300,18,9
115600,18,9
115650,22,11
116000,21,10
116200,20,10
116250,18,9
116350,19,9
116750,22,11
117000,18,9
117050,22,11
117100,22,11
117200,17,8
117550,16,8
117900,24,12
118100,18,9
118150,20,10
118250,22,11
118300,22,11
118500,19,9
118600,19,9
118750,24,12
118900,23,11
119050,21,11
119100,22,11
119150,16,8
119200,23,12
119250,18,9
119600,16,8
120050,22,11
120250,23,12
120350,24,12
120450,22,11
120500,17,8
120800,21,11
121000,16,8
121250,16,8
121300,21,10
121400,22,11
121500,18,9
121800,24,12
121900,17,8
122000,24,12
122100,20,10
122450,23,12
122500,20,10
122900,22,11
123000,23,12
123050,21,11
123100,19,9
123250,19,10
123300,20,10
123350,17,8
123800,24,12
124300,24,12
124800,20,10
124950,20,10
125100,21,11
125750,16,8
126050,20,10
126400,22,11
126750,24,12
126850,19,9
126900,16,8
127600,19,10
127750,23,12
127850,16,8
128100,16,8
128400,19,9
128750,23,12
129500,18,9
130100,24,12
130450,16,8
130950,19,10
131000,20,10
131100,17,8
131500,24,12
131800,18,9
132050,23,12
133100,17,8
133350,19,9
133800,24,12
134000,21,11
134050,22,11
134250,18,9
134300,18,9
134400,22,11
134900,22,11
135050,17,9
135100,17,8
135200,21,11
135700,19,9
135850,20,10
136200,17,8
136500,21,10
136800,24,12
137500,23,12
137650,24,12
137700,16,8
137800,16,8
137950,20,10
138100,22,11
138300,20,10
138350,23,12
138450,16,8
138650,20,10
139400,20,10
139700,22,11
139900,20,10
140100,23,11
140250,20,10
140600,17,9
140650,23,12
140850,23,12
140950,17,8
141400,22,11
141550,19,9
141900,22,11
142200,22,11
142400,17,8
142550,16,8
142650,19,10
142800,23,11
142900,17,9
143100,17,9
143150,23,12
143350,19,9
143750,23,12
143900,23,12
144000,20,10
144650,19,9
144900,24,12
145000,17,8
145050,23,11
145250,22,11
145450,22,11
145750,20,10
146250,23,12
146650,21,10
146950,22,11
147000,22,11
147450,24,12
147700,17,8
147850,19,10
148300,21,11
148600,19,9
148700,21,10
148900,22,11
148950,16,8
149200,23,12
149400,21,10
149450,17,8
149500,17,8
149650,23,12
149750,24,12
149800,16,8
150350,24,12
150400,18,9
150850,21,10
151050,17,9
151100,17,8
151200,21,11
151300,24,12
151450,16,8
151550,19,10
151650,21,10
151900,16,8
151950,16,8
152000,17,8
152050,20,10
152200,17,8
152800,20,10
152900,17,8
153100,24,12
153150,19,10
153400,16,8
153650,18,9
153800,19,9
153900,21,11
153950,23,12
154050,18,9
154100,22,11
154150,23,12
154200,24,12
154450,24,12
154600,18,9
154650,23,11
154800,18,9
155000,23,12
155150,22,11
155500,23,11
155800,18,9
156400,18,9
156950,19,9
157150,21,11
157200,16,8
157450,16,8
157550,17,8
157700,24,12
157950,16,8
158050,19,9
158400,20,10
158550,21,10
158700,21,10
159400,22,11
159550,16,8
159600,24,12
159650,17,9
159850,19,10
159900,23,12
160450,23,11
160700,20,10
160750,22,11
160950,22,11
161000,24,12
161050,20,10
161200,23,12
161350,24,12
161650,16,8
161700,17,8
161800,23,11
161900,22,11
162000,17,9
162250,19,10
162300,22,11
162350,24,12
162750,18,9
162950,22,11
163050,19,9
163100,19,9
163250,16,8
163500,17,8
163600,19,9
163650,21,10
163800,20,10
164300,22,11
164350,16,8
164700,18,9
165250,18,9
165300,23,12
165450,18,9
165800,21,10
165850,23,12
165900,24,12
166700,23,12
166750,18,9
166900,20,10
166950,20,10
167100,20,10
167350,17,8
167600,18,9
167900,17,8
168700,16,8
168850,23,11
168900,18,9
169000,22,11
169200,18,9
169300,17,8
169500,24,12
170200,22,11
170250,23,12
170450,18,9
170950,23,12
171950,16,8
172800,23,12
172850,22,11
173050,17,8
173100,16,8
173650,18,9
173950,17,8
174650,19,9
175350,21,11
175800,22,11
176050,18,9
176150,24,12
176350,17,9
176500,23,12
176700,18,9
176950,20,10
177050,19,10
177100,19,10
177150,23,11
177500,18,9
177550,17,8
177650,16,8
177850,24,12
178350,16,8
178750,21,10
178950,19,9
179050,22,11
179100,19,10
179200,24,12
179500,18,9
179600,20,10
179650,16,8
179750,16,8
179850,22,11
179950,22,11
180050,17,8
180150,17,8
180200,16,8
180500,20,10
180750,17,8
180900,18,9
181200,23,12
181800,22,11
181850,20,10
181950,22,11
182450,23,12
182500,16,8
182600,23,12
182800,16,8
183000,21,10
183250,20,10
183500,18,9
183750,16,8
183900,24,12
184100,21,11
184150,16,8
184600,24,12
184900,21,10
185550,21,10
186100,22,11
186150,20,10
186500,22,11
187000,19,9
187350,18,9
187600,17,8
187700,18,9
188350,24,12
188700,20,10
188800,16,8
188900,17,8
189700,19,9
189950,19,9
190000,24,12
190100,21,11
190200,24,12
190350,19,9
190950,19,9
191350,20,10
191500,18,9
191550,22,11
191650,18,9
192750,24,12
192800,19,9
192900,19,9
193200,23,12
193350,18,9
193500,24,12
193600,16,8
193650,16,8
193750,22,11
194200,17,8
194250,21,10
195650,20,10
195750,22,11
196050,21,10
196300,21,11
196350,20,10
196500,19,9
196550,18,9
196600,20,10
197000,24,12
197050,20,10
197150,22,11
197200,24,12
197350,18,9
197400,17,8
197450,19,9
197500,19,9
198150,24,12
198200,18,9
198350,21,11
198550,20,10
198600,18,9
198750,23,12
199100,19,10
199450,21,11
199950,18,9
200250,16,8
200650,19,10
200700,24,12
200950,18,9
201150,23,12
201200,19,10
201300,19,9
202000,24,12
202100,22,11
202150,23,12
202450,18,9
202900,16,8
202950,19,9
203500,24,12
204050,16,8
204100,17,8
204500,23,12
204600,23,12
204700,23,12
205100,17,8
205350,20,10
205500,17,8
205650,22,11
205850,23,12
206100,21,10
206200,16,8
206250,22,11
206450,16,8
206750,22,11
206850,18,9
207050,21,11
207750,18,9
207850,24,12
208250,18,9
208300,19,10
208350,24,12
208450,19,10
208600,17,8
209100,16,8
209550,17,8
210450,19,9
210600,24,12
210650,20,10
210900,18,9
211100,16,8
211700,18,9
211900,21,11
211950,19,9
212050,21,11
212200,18,9
212400,19,10
212550,16,8
212650,21,11
213000,19,10
213200,23,12
213550,23,12
214150,22,11
214200,16,8
214450,22,11
214550,22,11
214600,21,11
215150,18,9
215550,17,9
215600,19,10
216000,17,8
216050,16,8
216200,16,8
216700,16,8
216900,20,10
217100,16,8
217150,22,11
217200,22,11
217400,22,11
217750,22,11
217800,23,11
217950,20,10
218250,22,11
218350,19,10
218400,22,11
218550,18,9
218600,20,10
218750,19,9
218800,19,10
219100,19,10
219200,24,12
219300,21,10
219500,21,11
219550,20,10
219650,19,10
219750,21,10
219850,18,9
220100,19,9
220400,20,10
220500,18,9
220550,20,10
220700,16,8
220800,23,11
221000,16,8
221150,16,8
221700,16,8
221900,17,8
222550,21,10
222800,24,12
222950,21,10
223250,21,11
223400,22,11
224050,18,9
224350,24,12
224450,21,11
224600,19,10
225150,17,8
225250,18,9
225400,18,9
225450,19,10
225550,18,9
225650,18,9
225750,24,12
225850,23,12
226150,20,10
226450,21,11
226550,19,9
226600,20,10
227250,21,11
227350,23,12
227400,23,12
227650,19,9
228850,17,8
228950,19,10
229100,17,9
229400,22,11
229500,22,11
229550,21,11
229800,19,9
229850,22,11
229900,16,8
230000,23,12
230350,19,10
230500,23,12
230600,23,11
230650,17,8
231300,18,9
231450,22,11
231700,24,12
232000,16,8
232100,19,10
232150,24,12
232800,16,8
234000,16,8
234150,16,8
234250,17,8
234950,17,8
235150,24,12
235200,20,10
235250,20,10
235350,22,11
235400,21,11
235700,24,12
235800,16,8
236100,22,11
236350,18,9
236650,21,10
236800,23,12
236850,22,11
237400,24,12
237500,22,11
237550,20,10
237600,24,12
237650,21,10
237750,18,9
238050,19,10
238200,23,12
238550,16,8
239000,16,8
239700,19,9
239750,19,9
239800,22,11
239900,21,11
240050,21,10
240350,20,10
240400,23,12
240450,18,9
241450,17,8
241550,19,10
241600,16,8
241850,20,10
241950,22,11
242000,16,8
242300,23,12
242400,24,12
242450,20,10
242800,24,12
242950,19,9
243050,16,8
243100,20,10
243450,21,11
243550,19,9
243700,24,12
244050,24,12
244150,18,9
244350,24,12
244400,16,8
244500,20,10
244800,23,11
245050,21,11
245250,19,9
245300,16,8
245350,24,12
245750,17,8
245900,16,8
246150,16,8
246550,16,8
246700,19,10
246800,21,11
246850,24,12
246900,16,8
247150,19,10
247350,20,10
247550,22,11
247650,19,10
247750,16,8
248000,19,10
248500,16,8
248800,21,11
248900,23,12
249100,20,10
249200,20,10
249350,16,8
249550,20,10
249800,22,11
249950,16,8
250350,22,11
250550,21,11
250800,18,9
251350,21,10
251400,23,12
251800,22,11
251950,19,9
252350,23,12
252500,21,11
252650,19,10
252750,22,11
253500,24,12
253850,23,11
254950,24,12
255200,20,10
255400,20,10
255700,22,11
255750,17,8
255900,20,10
256200,17,8
256450,24,12
256900,18,9
257050,21,10
257450,18,9
257550,20,10
257650,16,8
257750,24,12
257800,24,12
258050,16,8
258100,24,12
258400,16,8
258600,20,10
259400,19,10
259500,16,8
259600,19,9
259700,19,9
259850,16,8
259950,16,8
260050,16,8
260250,18,9
260400,16,8
260650,21,11
260900,16,8
261000,24,12
261250,18,9
261350,20,10
261500,18,9
261700,22,11
261800,19,9
262250,16,8
262650,22,11
262850,24,12
262950,24,12
263200,21,10
263300,16,8
263350,19,10
263400,16,8
263450,16,8
263550,16,8
263700,23,12
263850,23,12
263900,19,9
264250,22,11
264350,22,11
264550,19,9
265050,18,9
265350,20,10
265800,22,11
266150,21,10
266650,16,8
266700,19,9
266850,22,11
267250,16,8
267400,17,9
267550,16,8
267650,18,9
267700,18,9
267750,21,10
267850,24,12
267900,24,12
268100,22,11
268400,17,8
268700,21,10
269000,16,8
269100,17,8
269350,17,8
269550,20,10
270450,23,12
270500,16,8
270850,24,12
270950,18,9
271450,16,8
271550,24,12
272100,18,9
272250,20,10
272300,22,11
272450,23,12
272500,18,9
272550,21,11
272800,16,8
272900,24,12
273750,21,10
273950,17,8
274000,18,9
274100,21,11
274200,16,8
274400,24,12
274450,22,11
274750,20,10
275000,23,11
275050,17,9
275200,20,10
275450,16,8
275600,16,8
275700,16,8
275750,21,11
275800,23,11
275850,22,11
275900,21,10
275950,18,9
276050,22,11
276100,22,11
276400,22,11
276450,21,11
276500,23,11
276650,19,9
276700,22,11
276750,22,11
276800,22,11
277500,19,9
277600,19,10
277850,24,12
278100,24,12
278500,24,12
278700,16,8
278800,17,8
278900,16,8
279000,18,9
279100,19,10
279200,17,8
279250,18,9
279300,22,11
279450,18,9
279500,17,9
279700,22,11
279800,23,12
280050,24,12
280100,23,12
280150,18,9
280200,23,12
280350,24,12
280650,17,9
280900,22,11
281200,19,9
281250,18,9
281350,18,9
281800,23,12
282100,20,10
282300,20,10
282950,18,9
283200,18,9
283300,17,8
283400,16,8
283500,17,8
283750,19,9
283900,18,9
284400,20,10
284600,17,8
284650,16,8
284750,23,12
284800,21,11
285050,20,10
285400,18,9
285850,19,10
286200,16,8
286350,24,12
286400,19,9
286450,20,10
286650,24,12
286950,24,12
287000,19,9
287150,23,12
287400,20,10
287650,24,12
287800,19,10
288350,18,9
288500,18,9
288650,21,11
288700,21,10
288800,22,11
288950,18,9
289050,20,10
289200,23,12
289300,17,8
289400,23,12
289500,16,8
289650,22,11
289800,17,8
289900,23,12
289950,20,10
290500,19,9
290850,23,11
290950,22,11
291200,19,9
291350,17,8
291400,19,10
291550,24,12
291600,18,9
291650,19,9
292000,19,9
292050,24,12
292400,19,9
292850,21,10
292900,20,10
293000,24,12
293200,19,10
293250,21,11
293300,16,8
293400,22,11
293600,17,8
293850,16,8
293900,23,12
294150,21,10
294200,19,9
294250,21,10
294450,16,8
294700,22,11
294800,16,8
295000,20,10
295200,24,12
295700,17,9
296150,18,9
296300,21,11
296950,20,10
297100,21,11
297350,21,10
297450,16,8
297500,17,8
297850,22,11
298050,24,12
298300,18,9
298850,24,12
299050,18,9
299100,18,9
299450,23,12
299850,24,12
300050,24,12
300350,18,9
300600,18,9
300750,20,10
301200,19,10
301350,21,11
301500,19,9
301550,22,11
301600,19,10
301650,20,10
301800,17,9
301950,19,10
302250,23,11
302400,16,8
302500,22,11
302550,24,12
302850,23,11
303100,19,10
303250,17,8
303300,21,11
303400,23,11
303600,16,8
303800,23,12
303850,18,9
304000,18,9
304150,20,10
304400,19,9
304550,23,11
304650,23,12
304700,16,8
304750,21,10
304800,19,9
304950,20,10
305000,21,11
305100,17,8
305850,19,9
306150,23,12
306200,16,8
306350,20,10
306650,21,10
306850,23,12
306900,23,12
307000,16,8
307050,17,8
307250,19,9
307300,22,11
307350,19,9
307500,21,11
307800,17,9
307850,19,9
307950,17,8
308300,23,12
308650,16,8
308750,17,8
308800,17,8
308850,24,12
309000,19,10
309200,24,12
309250,17,8
309500,24,12
309700,18,9
309750,21,10
309800,23,12
309850,18,9
309950,24,12
310050,23,12
310200,24,12
310450,17,8
310600,24,12
311050,19,10
311150,16,8
311250,22,11
311500,23,12
311550,21,10
311750,23,11
312050,24,12
312150,16,8
312550,22,11
312900,24,12
313000,21,11
313150,16,8
313300,22,11
313700,21,10
313850,20,10
314200,24,12
314400,22,11
314600,18,9
314900,18,9
315050,20,10
315150,18,9
315200,24,12
315450,24,12
315500,23,12
315550,21,11
315700,18,9
315850,18,9
316250,16,8
316350,22,11
316400,18,9
316500,20,10
316600,22,11
316650,18,9
317200,22,11
317300,23,11
317350,18,9
317400,19,9
317450,24,12
317550,20,10
317700,19,9
317750,17,9
317800,24,12
318000,22,11
318200,16,8
318400,20,10
318650,23,12
319050,21,10
319100,24,12
319200,18,9
319350,19,9
319550,17,9
319800,21,11
320050,21,11
320150,21,11
320450,22,11
320700,20,10
321300,17,8
321350,23,12
321600,18,9
321900,18,9
322000,20,10
322150,23,12
322250,18,9
322400,20,10
322700,19,9
323250,23,12
323300,23,12
323550,16,8
323600,23,11
323700,17,9
324150,21,10
324250,22,11
324400,22,11
324550,24,12
324750,18,9
325200,19,9
326050,17,9
326100,24,12
326200,19,9
326350,23,11
326600,22,11
326650,18,9
327550,22,11
327650,19,10
327750,16,8
328400,24,12
328550,17,8
328600,21,11
328750,24,12
329000,18,9
329050,17,8
329200,20,10
329550,22,11
329700,17,9
330000,23,12
330050,19,9
330250,21,11
330300,18,9
330350,21,11
330400,21,11
330550,24,12
330600,20,10
330650,17,9
330750,17,8
330900,22,11
331050,20,10
331150,23,12
331350,22,11
331700,18,9
331800,19,9
331850,18,9
332150,18,9
332200,20,10
332250,20,10
332550,21,10
332750,17,9
332800,17,8
333000,23,12
333250,19,10
333300,20,10
333450,22,11
333650,17,9
333850,16,8
334400,20,10
334850,16,8
334900,16,8
335050,24,12
335250,20,10
335400,16,8
335800,24,12
335850,22,11
335950,24,12
336350,18,9
336500,22,11
336550,23,12
336650,17,8
337050,16,8
337950,21,10
338050,21,11
338150,20,10
338200,16,8
338500,19,10
338700,19,9
338850,21,11
339000,16,8
339250,23,12
339300,24,12
339400,18,9
339600,21,11
339650,21,11
339800,17,8
339900,23,11
340000,23,11
340150,17,8
340300,24,12
340350,22,11
340500,20,10
340550,22,11
340850,16,8
340950,22,11
341200,20,10
341300,19,9
341550,22,11
341750,18,9
341850,21,11
341900,18,9
342150,24,12
342500,23,12
342550,21,11
342700,19,10
342800,17,8
342950,21,10
343250,17,9
343350,24,12
343650,19,10
343850,19,9
344000,23,12
344300,19,9
344350,20,10
344400,17,8
344450,16,8
344850,22,11
345000,24,12
345050,19,9
345150,23,11
345200,24,12
345750,17,9
346050,17,8
346250,23,11
346900,16,8
347100,21,11
347150,19,9
347200,20,10
347300,24,12
347350,16,8
347400,22,11
348300,22,11
348350,16,8
348550,16,8
348750,22,11
349150,24,12
349200,17,8
349400,21,10
349500,18,9
349600,20,10
349900,21,11
349950,21,10
350000,24,12
350250,22,11
350500,20,10
350800,23,12
351000,17,8
351100,18,9
351150,23,12
351250,21,11
351300,22,11
351350,20,10
351500,18,9
351550,20,10
351600,22,11
351750,16,8
351850,23,12
351950,16,8
352200,20,10
352250,22,11
352400,23,12
352750,16,8
352800,18,9
352850,23,12
353000,22,11
353100,21,11
353250,23,12
353900,19,9
354300,22,11
354350,18,9
354650,24,12
354750,17,8
354850,21,11
355150,23,12
355300,17,8
355600,18,9
355700,18,9
355800,19,10
356050,18,9
356150,17,9
356650,20,10
356700,16,8
356750,21,11
356800,18,9
356900,18,9
357000,17,9
357050,19,10
357100,20,10
357150,18,9
357200,22,11
357250,16,8
357350,16,8
357400,16,8
357700,20,10
357800,22,11
357900,21,11
358050,18,9
358200,16,8
358250,24,12
358350,23,12
358400,16,8
358600,22,11
358650,21,11
358700,21,11
358750,22,11
359000,21,11
359250,23,12
359350,19,10
359550,19,9
359600,19,9
359850,22,11
360000,19,10
360150,23,11
360600,19,9
360650,17,9
360700,22,11
360850,19,9
361150,24,12
361250,21,10
361400,20,10
361500,18,9
361800,19,9
361950,16,8
362200,24,12
362350,18,9
362500,23,12
362700,16,8
362850,17,8
362900,17,8
363100,21,10
363150,16,8
363300,18,9
364000,19,10
364350,19,9
364500,17,8
364850,22,11
364900,19,10
365000,16,8
365450,21,10
365550,21,11
365850,19,10
366000,24,12
366200,17,8
366750,23,12
366900,24,12
366950,21,11
367250,18,9
367400,22,11
367650,18,9
367700,24,12
367850,18,9
367900,18,9
368000,20,10
368200,20,10
368350,21,11
368550,22,11
368700,21,11
369100,21,11
369350,19,9
369400,24,12
369500,20,10
369750,21,11
369800,18,9
370000,23,12
370150,19,9
370200,20,10
370400,24,12
370450,19,10
370700,17,8
370800,19,10
371000,18,9
371400,19,9
371850,19,10
371900,24,12
372500,16,8
372850,18,9
372900,18,9
373100,18,9
373450,16,8
373500,21,11
373700,20,10
374000,19,9
374050,24,12
374200,18,9
374250,18,9
374500,22,11
374600,23,12
375050,24,12
375100,22,11
375350,19,10
375900,17,8
376100,23,12
376150,21,11
376200,21,11
376500,17,8
377150,23,11
377600,22,11
377950,18,9
378050,20,10
378150,20,10
378200,21,11
378400,24,12
378450,20,10
378650,23,12
378900,21,10
378950,24,12
379250,24,12
379500,20,10
379650,19,9
379900,19,9
380300,20,10
380500,19,10
380700,21,10
380950,22,11
381000,19,10
381150,17,8
381500,22,11
382300,16,8
382550,20,10
382600,22,11
382700,21,11
382850,16,8
382900,22,11
383000,22,11
383100,18,9
383350,20,10
383450,22,11
383750,22,11
383900,23,11
383950,18,9
384050,21,10
384150,24,12
384300,22,11
384500,21,10
384600,16,8
384650,21,10
384700,23,12
384750,16,8
384850,21,11
384950,19,10
385150,22,11
385200,18,9
385650,21,11
385750,18,9
386000,24,12
386100,22,11
386200,18,9
386300,23,12
386350,18,9
386400,16,8
386450,16,8
386500,22,11
388100,23,11
388300,23,11
388350,23,12
388500,21,11
388750,17,8
389000,23,11
389200,20,10
389850,16,8
390250,17,9
390350,17,8
390800,22,11
390950,16,8
391150,23,12
391400,21,10
391600,22,11
391650,24,12
391950,22,11
392250,23,12
392300,18,9
392450,21,11
392500,19,9
392550,16,8
392600,24,12
392700,19,9
392750,19,9
392950,19,9
393000,23,11
393150,21,11
393350,18,9
393500,23,12
393650,20,10
394050,22,11
394150,18,9
394200,23,12
394300,17,8
394600,24,12
396550,22,11
396800,19,9
396900,19,10
397000,16,8
397400,20,10
397550,21,10
397800,17,9
398150,21,11
398200,20,10
398550,21,11
398650,20,10
398850,19,9
399350,16,8
399450,18,9
399500,16,8
399650,19,10
400000,22,11
400050,20,10
400250,18,9
400300,22,11
400600,23,12
400800,19,10
400850,18,9
400950,23,12
401100,16,8
401150,24,12
401250,23,12
401400,19,9
401500,21,11
401800,24,12
401950,23,12
402150,24,12
402200,19,10
402300,22,11
402450,17,9
402850,19,9
402950,19,10
403150,17,9
403300,16,8
403450,23,11
403500,23,12
403700,18,9
403800,23,12
404150,22,11
404250,24,12
404450,19,10
404500,21,10
404850,24,12
405350,22,11
405500,17,8
405650,16,8
405750,22,11
405850,21,10
405900,19,10
405950,16,8
406000,18,9
406050,17,8
406300,21,10
406550,16,8
406750,21,11
406850,22,11
407000,23,12
407150,24,12
407400,21,10
407450,23,12
407900,20,10
408000,24,12
408150,18,9
408250,16,8
408600,22,11
408700,24,12
409100,20,10
409300,19,9
409600,20,10
409750,23,12
409800,20,10
409900,21,11
410050,20,10
410100,24,12
410150,21,10
410450,18,9
410500,24,12
410650,22,11
410700,20,10
410750,24,12
410900,16,8
411250,19,9
411600,24,12
411800,22,11
412000,23,12
412750,18,9
412850,23,12
412950,17,8
413000,20,10
413250,16,8
413350,16,8
413400,18,9
413450,18,9
413700,24,12
414000,19,9
414550,20,10
414600,18,9
414800,23,12
414950,24,12
415050,17,8
415100,20,10
415400,19,9
415500,16,8
415700,21,10
415850,20,10
416500,22,11
416750,21,10
416800,22,11
416850,20,10
417100,18,9
417450,23,11
417800,17,8
417900,20,10
417950,21,11
418400,23,11
418450,17,8
418500,24,12
418650,21,10
419450,17,9
419650,20,10
419700,17,8
419950,19,9
420600,24,12
420650,20,10
420750,23,12
420800,17,9
420850,19,9
420950,21,11
421200,20,10
421250,17,8
421300,24,12
421700,16,8
421750,22,11
421850,18,9
422000,20,10
422050,21,11
422550,18,9
422950,19,10
423250,17,8
423300,17,8
423400,21,11
423500,17,8
423750,22,11
424050,17,8
424250,18,9
424300,24,12
424450,23,12
425050,21,11
425250,17,8
426050,18,9
426100,20,10
426650,22,11
426750,21,11
426800,20,10
426850,16,8
426900,16,8
426950,20,10
427000,21,11
427900,22,11
428000,18,9
428450,19,9
428500,24,12
428800,17,8
428950,18,9
429150,18,9
429550,22,11
430050,19,10
430300,17,8
430800,17,8
430900,17,8
431200,23,12
431250,20,10
431350,19,9
431400,16,8
431550,23,12
431900,16,8
431950,22,11
432900,22,11
433550,17,8
433900,24,12
434150,19,9
434350,22,11
434600,20,10
434650,18,9
434850,21,11
434900,18,9
435050,20,10
435100,18,9
435300,18,9
435450,19,9
435550,17,8
435700,22,11
435900,22,11
436350,23,12
436400,23,11
436450,22,11
436600,24,12
436650,19,9
436750,23,12
436800,21,11
437100,20,10
437500,21,11
437600,20,10
437650,24,12
438000,19,10
438500,24,12
438550,19,9
438800,20,10
439000,21,10
439050,24,12
439150,19,10
439600,22,11
439700,20,10
439750,23,12
440250,24,12
440500,22,11
440600,19,10
440950,23,12
441150,21,11
441400,16,8
442200,17,8
442550,17,8
442650,23,12
442850,22,11
443300,24,12
443450,16,8
443600,23,12
444050,20,10
444200,18,9
444750,17,8
445200,16,8
445250,18,9
445850,23,12
446100,20,10
446500,19,10
446600,22,11
446700,17,8
447250,20,10
447400,23,12
447550,22,11
447650,23,12
447750,24,12
447800,22,11
448100,18,9
448300,24,12
448400,19,10
448500,18,9
448600,23,12
448750,24,12
448900,17,8
449050,18,9
449100,16,8
449400,22,11
449450,23,12
449500,19,10
449800,19,9
449950,23,11
450100,23,11
450350,16,8
450700,18,9
451000,16,8
451300,23,12
451350,18,9
452050,19,10
452150,24,12
452850,17,8
452950,24,12
453100,24,12
453700,19,9
454100,17,8
454200,20,10
454550,23,12
454750,24,12
454850,24,12
454950,17,8
455150,18,9
455550,20,10
455600,20,10
456050,23,11
456200,21,10
456250,23,12
456600,24,12
456650,21,10
457300,17,8
457350,24,12
457750,24,12
457800,21,10
457900,16,8
458150,17,8
458200,16,8
458300,24,12
458450,19,9
458850,20,10
459150,21,10
459300,21,10
459450,16,8
459500,21,11
459750,18,9
460000,19,9
460050,23,12
460100,20,10
460600,19,9
460650,20,10
460950,23,12
461600,21,10
461650,19,9
461850,17,8
461900,22,11
462100,21,11
462250,17,8
462450,23,12
462500,18,9
462650,24,12
463000,19,10
463050,20,10
463150,17,8
463350,18,9
463400,17,8
463450,20,10
463600,16,8
464350,20,10
464700,23,12
464850,22,11
464950,18,9
465000,17,8
465150,17,8
465200,19,9
465350,19,10
465550,19,9
466100,17,8
466250,21,11
466650,17,8
466700,17,8
466850,24,12
467250,16,8
467450,20,10
467500,20,10
467800,22,11
467850,20,10
467950,20,10
468300,23,12
468350,23,12
468650,19,9
468700,24,12
468950,18,9
469800,22,11
469850,19,9
470750,16,8
470850,16,8
471300,20,10
471550,22,11
471900,20,10
472050,22,11
472200,19,9
472350,18,9
472450,21,11
472550,21,11
472750,17,9
473150,21,11
473250,20,10
473300,16,8
473500,22,11
473600,19,9
473750,20,10
473950,20,10
474300,22,11
474750,16,8
475150,16,8
475350,19,9
475600,24,12
475650,21,11
476050,20,10
476100,21,10
476200,24,12
476450,17,8
476500,22,11
476650,20,10
476800,22,11
477050,16,8
477850,20,10
477950,22,11
478600,18,9
478700,18,9
478850,24,12
478950,19,9
479200,16,8
479300,19,10
479400,23,11
479500,21,11
479650,20,10
480400,23,12
480600,18,9
480800,17,8
480950,16,8
481300,20,10
481700,17,8
481850,20,10
482000,23,12
482050,20,10
482550,20,10
482650,21,11
482850,19,9
483350,22,11
483750,16,8
483850,23,11
483900,18,9
484050,24,12
484150,22,11
484200,17,8
484350,21,11
484800,16,8
485050,23,12
485200,17,8
485350,17,8
485650,22,11
485700,23,12
485750,19,9
486100,19,10
486250,17,8
486550,20,10
487100,18,9
488300,18,9
488350,19,9
488400,24,12
488450,17,8
488650,19,9
489500,19,9
489550,20,10
489900,20,10
490000,16,8
490600,17,9
490650,21,11
490700,18,9
490850,20,10
491150,23,12
491300,19,10
491500,20,10
491750,17,8
492200,17,8
492250,16,8
492500,17,8
492750,22,11
493050,21,11
493100,16,8
493200,19,9
493250,16,8
493300,17,8
493650,24,12
493700,19,10
493750,21,11
493850,22,11
493950,16,8
494050,22,11
494100,24,12
494250,18,9
494450,19,9
494550,24,12
494700,23,12
494900,24,12
495050,19,10
495100,23,12
495150,20,10
496100,17,9
496300,16,8
496350,19,9
496450,19,10
496700,20,10
496900,21,11
497250,19,9
497300,18,9
497500,18,9
497750,17,8
497800,18,9
497850,16,8
497900,18,9
498350,21,10
498600,21,11
498700,19,9
498800,21,10
499000,16,8
499400,18,9
499500,19,10
499650,16,8
500000,24,12
500250,18,9
500900,17,8
501050,24,12
501250,19,9
501300,17,9
501350,20,10
501400,20,10
501550,21,11
502050,17,9
502150,22,11
502300,18,9
502700,22,11
502950,20,10
503900,20,10
504250,21,11
504300,24,12
504650,20,10
504750,20,10
505050,21,11
505250,17,8
505350,18,9
505500,20,10
505700,22,11
505750,21,11
506600,22,11
506650,22,11
506800,22,11
507100,21,11
507300,18,9
507400,24,12
507450,17,8
507600,19,10
507650,19,10
507850,18,9
508000,22,11
508250,17,9
508550,20,10
508700,17,8
508750,19,10
508950,23,12
509000,22,11
509100,22,11
509350,24,12
509400,21,10
509700,23,12
510150,21,11
510250,17,8
510550,16,8
510800,22,11
511050,21,11
511150,20,10
511650,23,12
511950,23,12
512000,23,12
512350,21,10
512450,23,11
512650,20,10
513150,18,9
513350,21,11
513550,20,10
513700,22,11
513750,23,12
514050,19,9
514100,18,9
514150,21,10
514600,23,12
514750,18,9
514800,17,8
514900,23,11
515400,20,10
515450,19,10
515700,19,9
516750,16,8
516800,22,11
516950,19,10
517200,21,11
517450,21,10
517500,17,8
517550,23,12
517600,16,8
517650,21,10
517850,21,10
518250,24,12
518750,21,11
518950,19,9
519000,18,9
519050,21,11
519300,20,10
519600,22,11
519700,24,12
520000,22,11
520300,17,8
520400,20,10
520900,24,12
521000,17,8
521300,24,12
521450,18,9
521500,21,11
521650,16,8
521750,24,12
522000,19,9
522300,24,12
522450,18,9
522500,17,9
522900,17,9
522950,17,8
523200,22,11
523300,16,8
523350,20,10
523500,24,12
523800,17,9
523900,18,9
524000,20,10
524300,21,11
524600,24,12
524700,17,8
524750,24,12
525050,22,11
525100,24,12
525200,18,9
525300,17,9
525400,22,11
525600,19,9
526200,23,11
526350,22,11
526600,18,9
526800,23,12
526950,17,8
527000,21,11
527300,20,10
527350,18,9
527650,24,12
527700,17,8
527750,23,12
527800,22,11
527850,21,11
527950,18,9
528050,22,11
528450,19,10
528800,17,8
528900,21,10
529200,20,10
529400,16,8
529500,23,11
529700,22,11
529800,19,10
530100,21,11
530150,23,12
530300,16,8
530800,24,12
531150,24,12
531200,21,10
531400,22,11
531950,22,11
532000,23,11
532150,21,11
532350,21,11
532400,20,10
532700,20,10
532800,24,12
533200,18,9
533450,21,11
533600,20,10
534000,24,12
534400,21,11
534950,18,9
535150,17,8
535250,21,11
535300,24,12
536100,18,9
536250,24,12
536450,17,9
536900,19,9
537000,23,11
537150,22,11
537250,22,11
537700,22,11
538200,21,10
538750,16,8
538900,18,9
539050,21,11
539250,24,12
539300,17,8
539550,22,11
540000,20,10
540050,22,11
540750,18,9
541200,19,9
541650,16,8
541750,16,8
542050,16,8
542350,22,11
542400,17,9
542600,20,10
542750,23,12
543350,24,12
543700,16,8
543800,16,8
543850,17,8
544100,20,10
544200,18,9
545350,24,12
545600,24,12
545750,22,11
545800,16,8
545850,22,11
546050,17,9
546350,24,12
546400,16,8
546950,16,8
547000,24,12
547150,16,8
547300,20,10
547450,17,9
547600,18,9
547850,18,9
547900,20,10
548300,23,12
548550,20,10
548750,23,12
548800,16,8
549050,23,12
549100,21,11
549200,23,12
549500,18,9
549700,17,8
549800,16,8
549900,23,12
550050,24,12
550450,22,11
550500,22,11
550950,21,10
551050,19,10
551100,20,10
551250,16,8
551650,22,11
551700,16,8
552300,19,10
552350,22,11
552650,22,11
552900,21,10
552950,19,9
553250,18,9
553450,24,12
553600,16,8
553950,24,12
554000,18,9
554100,16,8
554350,17,9
554400,20,10
554650,19,10
554900,17,9
555250,21,11
555400,19,9
555850,19,10
555900,19,10
556000,19,9
556900,16,8
557100,19,10
557350,23,12
557500,22,11
557550,19,9
557650,24,12
557700,18,9
558050,19,9
558150,19,9
558250,21,11
558550,24,12
558650,17,8
558750,21,10
559550,18,9
559650,17,8
559900,17,8
560150,22,11
560350,18,9
560600,22,11
561150,20,10
561400,22,11
561800,22,11
561850,18,9
562000,24,12
562950,24,12
563100,21,11
563200,19,10
563500,18,9
563700,20,10
563850,24,12
564150,16,8
564200,16,8
564250,21,11
564500,18,9
564550,24,12
564850,24,12
564900,23,12
564950,16,8
565000,17,9
565150,19,9
565400,24,12
565450,21,10
565900,22,11
565950,19,9
566000,18,9
566150,23,12
566550,21,11
566700,17,9
567000,18,9
567400,16,8
567450,24,12
567550,16,8
568000,22,11
568150,24,12
568250,22,11
568300,18,9
568450,16,8
568700,23,12
568750,22,11
569000,22,11
569250,20,10
569450,24,12
569800,24,12
569900,19,10
570050,20,10
570250,23,12
570450,20,10
570550,18,9
570700,19,9
570750,17,8
571100,18,9
571200,21,11
571250,16,8
571350,18,9
571550,20,10
571750,17,8
571800,16,8
571850,24,12
572000,22,11
572050,17,8
572200,16,8
572400,17,9
572450,16,8
572650,19,10
572800,24,12
573100,16,8
573350,19,9
573600,22,11
573950,21,11
574000,21,11
574150,24,12
574500,16,8
574650,18,9
575000,20,10
575600,23,12
575700,24,12
575850,21,11
576050,18,9
576250,23,12
576450,19,9
576500,19,10
576550,19,9
576700,23,12
577050,17,8
577200,23,11
577650,18,9
577850,16,8
577950,19,9
578000,19,9
578050,21,10
578500,18,9
578950,17,8
579450,17,8
579550,21,11
579600,22,11
579850,18,9
580000,24,12
580450,20,10
580650,19,10
580700,20,10
580750,20,10
580800,22,11
581500,21,11
582100,22,11
582250,18,9
582450,18,9
582550,19,9
582850,20,10
583200,20,10
583250,20,10
583650,20,10
583850,22,11
583900,16,8
584350,18,9
584750,22,11
584950,22,11
585450,19,9
585600,23,12
585650,21,11
585950,21,11
586000,16,8
586050,16,8
586150,19,9
586200,16,8
586250,19,9
586600,22,11
586700,23,12
586850,21,11
587000,23,12
587100,20,10
587400,16,8
587450,17,8
587800,23,12
588650,19,9
588750,24,12
588800,22,11
589500,22,11
589650,17,8
589850,24,12
590000,20,10
590050,24,12
590150,20,10
590650,24,12
590850,23,12
590950,16,8
591000,21,10
591050,17,8
591350,23,12
591450,24,12
591500,16,8
591600,24,12
592100,16,8
592200,23,12
592700,23,11
592850,20,10
592950,20,10
593700,19,9
593800,20,10
593900,19,9
594000,20,10
594100,19,10
594200,22,11
594650,22,11
595200,24,12
595300,20,10
595650,18,9
595850,23,12
596050,22,11
596100,19,9
596550,16,8
596600,24,12
596750,17,9
596850,24,12
597000,17,8
597300,22,11
597400,20,10
597450,16,8
597750,20,10
597800,24,12
598250,23,11
598650,21,10
598850,16,8
599150,22,11
599200,23,12
599550,21,10
599800,24,12
599850,18,9
600050,16,8
600450,23,12
600650,20,10
601350,19,9
601400,17,8
601550,22,11
601650,19,10
601950,17,8
602050,17,9
602350,23,11
602500,24,12
602850,18,9
603000,23,12
603350,22,11
603400,19,10
603450,20,10
603700,23,12
603900,16,8
604450,22,11
604600,17,8
604700,22,11
604900,16,8
604950,24,12
605600,19,9
605700,23,11
605750,21,10
606250,21,10
606400,24,12
606450,19,9
606700,24,12
606750,23,12
606900,19,9
607000,21,11
607450,24,12
607750,22,11
607900,23,12
608150,24,12
608350,22,11
608700,22,11
609000,20,10
609050,20,10
609100,24,12
609200,20,10
609850,22,11
609950,16,8
610200,18,9
610400,17,8
610650,16,8
610950,17,8
611100,21,10
611150,23,12
611200,22,11
611350,23,12
611400,22,11
612250,21,10
612300,16,8
612600,23,12
612650,16,8
612700,20,10
612900,21,11
613100,17,8
613250,20,10
613350,22,11
613450,18,9
613600,24,12
613950,21,11
614050,22,11
614250,23,12
614500,24,12
614700,21,10
615150,20,10
615200,17,8
615300,18,9
615950,18,9
616150,21,11
616200,22,11
616250,21,10
616300,17,9
616350,18,9
616550,20,10
616650,19,10
616750,20,10
616850,23,12
616900,23,12
617000,17,8
617800,16,8
617900,20,10
618200,23,12
618600,19,9
618700,22,11
618800,16,8
619000,23,12
619050,17,8
619350,17,8
619400,18,9
619550,16,8
619850,18,9
619900,18,9
619950,23,12
620550,19,10
621100,21,10
621150,19,9
621300,16,8
621450,21,10
621600,16,8
621650,22,11
621750,20,10
621900,20,10
622150,16,8
622200,23,12
622550,19,10
622900,21,11
623000,23,11
623350,16,8
623500,17,9
623550,22,11
623750,21,11
624050,24,12
624150,16,8
624300,23,12
624600,16,8
624750,23,11
625000,20,10
625050,18,9
625150,21,10
625200,22,11
625300,16,8
625400,17,8
625500,16,8
625550,21,10
625850,20,10
626200,18,9
626250,19,10
626400,23,12
626550,24,12
626600,16,8
627250,19,9
627400,18,9
627500,23,11
627750,19,10
627850,21,11
628250,16,8
628550,23,12
628600,20,10
628850,18,9
629400,19,9
629950,16,8
630400,17,8
630650,24,12
630700,21,10
630900,20,10
631050,19,9
631400,17,8
631600,24,12
631650,19,9
631900,23,12
632150,23,12
632200,23,12
632250,24,12
632650,18,9
632700,21,11
632800,18,9
633550,20,10
633850,20,10
634100,19,9
634400,17,8
634450,18,9
635400,24,12
635900,16,8
636000,17,8
636050,18,9
636250,19,9
636300,17,8
636800,22,11
636900,18,9
637000,16,8
637100,24,12
637150,24,12
637300,24,12
637700,17,9
637800,22,11
637950,24,12
638000,17,9
638100,20,10
638300,17,8
638400,17,8
638450,17,8
638750,20,10
639400,20,10
639850,17,8
640000,17,8
640300,20,10
640450,18,9
640800,20,10
640850,22,11
641150,18,9
641450,21,10
641700,18,9
641800,17,8
641950,17,8
642000,16,8
642100,16,8
642350,16,8
642450,23,12
642550,18,9
642650,16,8
643150,17,9
643350,20,10
643450,22,11
643500,18,9
643650,23,12
643700,24,12
643900,24,12
644000,23,11
644200,20,10
644300,22,11
644400,16,8
644600,16,8
644700,19,9
645200,18,9
645250,24,12
645450,23,11
645500,20,10
645800,24,12
646000,24,12
646050,22,11
646250,16,8
646450,21,10
647000,24,12
647150,24,12
647250,20,10
647900,21,11
648050,22,11
648800,23,11
649050,16,8
649150,21,11
649200,23,12
649350,19,9
649700,17,8
649850,16,8
650000,24,12
650250,21,11
650450,23,11
650550,17,8
650650,18,9
650700,18,9
651000,21,11
651400,20,10
651450,24,12
651800,16,8
652050,17,8
652400,20,10
652500,24,12
652650,24,12
653150,17,8
653400,18,9
653500,21,11
653800,17,8
653900,23,12
653950,20,10
654000,16,8
654200,21,11
654850,21,10
654950,22,11
655300,23,12
655350,17,8
655550,17,8
655650,17,8
655850,22,11
655900,24,12
656350,24,12
656650,22,11
656750,23,12
656800,18,9
656850,18,9
657100,18,9
657300,24,12
657400,18,9
657450,21,11
657700,22,11
657900,17,8
657950,21,10
658050,21,11
658350,24,12
658650,23,11
658750,24,12
659000,22,11
659100,23,12
659150,21,11
659350,22,11
659400,16,8
659500,22,11
659850,20,10
659950,21,11
660000,16,8
660150,18,9
660250,16,8
660350,16,8
660500,18,9
660550,17,8
661300,16,8
661350,20,10
661500,23,12
661550,16,8
661950,16,8
662050,20,10
662100,22,11
662150,22,11
662200,21,10
662450,23,12
662500,19,9
662550,19,9
662650,20,10
662800,17,8
662950,19,10
663200,19,10
663350,24,12
663500,21,11
663700,24,12
664100,24,12
664150,20,10
664250,19,9
664350,20,10
664400,24,12
664450,24,12
664600,18,9
665600,17,8
665750,18,9
666300,18,9
666350,16,8
666650,18,9
667550,23,12
667700,24,12
668050,20,10
668150,22,11
668200,21,11
668300,23,11
668450,20,10
668550,23,12
668650,18,9
668800,18,9
668850,24,12
669100,18,9
669400,23,12
669550,19,10
669700,21,11
669850,17,8
669900,19,9
670300,17,8
670400,21,10
670900,18,9
671200,20,10
671300,17,8
671450,19,9
671550,22,11
671600,22,11
671700,24,12
671750,24,12
671950,17,8
672350,23,12
672450,18,9
672600,19,10
672700,19,9
673000,20,10
673250,21,10
673900,20,10
674050,19,10
674300,16,8
674550,20,10
674650,22,11
674800,21,11
674850,19,10
675000,23,11
675400,21,11
675550,22,11
675900,20,10
676150,16,8
676250,22,11
676450,20,10
676500,18,9
676550,16,8
676750,23,12
677000,16,8
677050,22,11
677300,22,11
677500,23,11
677600,22,11
677850,20,10
677950,22,11
678000,24,12
678150,21,11
678200,24,12
678250,19,9
678350,16,8
678650,24,12
679350,23,12
679400,21,11
679900,22,11
680050,17,9
680150,24,12
680500,17,9
680650,16,8
680900,24,12
681050,19,10
681150,24,12
681450,23,12
681500,21,11
681800,21,10
682000,22,11
682550,17,9
682800,21,11
682850,18,9
683050,19,10
683150,24,12
683250,22,11
683500,20,10
683550,19,9
683650,22,11
683750,23,12
683800,23,12
684150,23,11
684250,24,12
684500,18,9
684750,20,10
684900,16,8
684950,22,11
685150,16,8
685200,22,11
685500,21,11
685600,23,12
685700,23,12
685750,19,9
685800,20,10
686400,20,10
686450,16,8
686550,24,12
686850,24,12
686950,21,11
687200,22,11
687300,23,12
687350,17,8
687850,17,8
687900,23,12
688100,21,10
688300,19,9
688650,19,9
688700,20,10
689000,20,10
689500,18,9
689700,20,10
689800,20,10
690200,24,12
690300,24,12
690350,19,9
690400,17,8
690550,18,9
690750,23,11
690900,19,9
691150,18,9
691300,17,9
691850,23,12
691900,24,12
692050,24,12
692100,23,12
692350,18,9
692700,18,9
692800,23,11
693350,23,12
693450,23,12
693650,22,11
693900,20,10
693950,22,11
694000,24,12
694250,24,12
694350,22,11
694600,21,11
694750,16,8
694950,22,11
695050,17,8
695300,22,11
695400,18,9
695650,21,10
695750,20,10
695850,17,8
696050,19,9
696450,24,12
696500,19,10
696600,16,8
696850,19,9
696950,22,11
697000,17,8
697450,20,10
698450,18,9
698750,20,10
698950,16,8
699100,18,9
699150,17,9
699350,24,12
699500,18,9
699650,16,8
699800,21,10
700400,21,11
700500,21,10
700550,20,10
700600,24,12
700750,23,11
700900,16,8
701100,24,12
701200,22,11
701550,20,10
702000,18,9
702150,16,8
702600,18,9
702650,21,10
702700,24,12
702900,17,9
703100,19,10
703400,23,11
703500,20,10
703650,19,9
704300,23,12
704400,22,11
704450,20,10
704650,17,8
704750,21,10
705050,16,8
705200,19,9
705300,19,9
705700,24,12
705950,19,10
706500,19,10
707000,16,8
707050,20,10
707100,17,8
707200,17,8
707500,21,11
707600,16,8
707650,24,12
707950,17,8
708050,21,10
708100,24,12
709000,20,10
709050,19,9
709250,23,12
709550,20,10
709600,17,8
709700,18,9
709800,22,11
710050,21,10
710400,23,12
710600,23,12
710850,19,10
711350,20,10
711800,23,12
712200,17,8
713200,23,12
713550,16,8
713750,19,10
713950,24,12
714250,24,12
714500,19,10
714650,21,11
714750,16,8
714950,18,9
715000,16,8
715150,17,8
715450,20,10
715750,16,8
715800,19,9
716100,18,9
717000,17,8
717100,20,10
717250,21,11
717300,24,12
717350,19,10
718100,19,9
718300,18,9
718750,21,11
718900,21,11
719600,20,10
719700,22,11
720050,21,11
720500,23,11
720600,16,8
720700,21,11
720850,16,8
720950,21,10
721000,22,11
721300,24,12
721700,18,9
721750,20,10
721800,21,10
721850,24,12
722350,18,9
722500,17,8
722550,18,9
722600,20,10
722650,17,8
722950,23,11
723050,19,9
723300,21,11
723400,17,8
723750,19,9
723800,18,9
723900,22,11
724150,18,9
724400,23,12
724450,21,10
724600,19,10
725100,23,12
725200,21,10
725250,20,10
725850,23,12
725900,20,10
726200,17,9
726450,23,11
726550,23,12
727000,24,12
727050,21,11
727100,16,8
727200,21,10
727250,23,12
727300,17,8
727650,16,8
727850,23,11
728150,21,11
728500,20,10
729300,19,9
729350,22,11
729600,17,8
729950,23,12
730050,17,8
730250,23,12
730400,18,9
730450,23,12
730600,20,10
730800,18,9
731250,20,10
731450,19,9
732000,18,9
732100,17,9
732600,24,12
733200,18,9
733650,17,8
733750,22,11
734200,16,8
734250,22,11
734350,20,10
734750,16,8
734850,19,9
735050,20,10
735250,20,10
735500,20,10
735550,22,11
735700,23,12
735800,23,11
735950,16,8
736250,18,9
736350,20,10
736450,16,8
736500,22,11
736600,20,10
737150,23,12
737600,18,9
737650,24,12
737800,19,9
738400,21,10
738650,20,10
738900,21,11
739150,22,11
739200,20,10
739900,19,9
740200,21,11
740300,19,9
740350,23,12
740650,21,10
740900,21,10
741350,24,12
741550,18,9
741600,22,11
741650,23,12
741950,16,8
742150,18,9
742200,19,9
742450,22,11
742600,19,9
742850,22,11
742900,17,8
743400,20,10
743550,16,8
743650,20,10
743700,24,12
743900,16,8
744000,18,9
744050,20,10
744600,22,11
744700,17,8
744750,16,8
744950,17,9
745500,19,9
745550,20,10
745600,18,9
746050,23,12
746150,19,9
746250,23,12
746350,16,8
746900,23,12
747000,17,8
747400,23,12
747550,18,9
747900,18,9
748000,16,8
748450,16,8
748850,22,11
748900,18,9
749150,22,11
749200,17,8
749500,20,10
749750,21,10
750300,21,10
750350,21,11
750450,19,10
750600,16,8
750700,21,10
751400,17,8
751550,21,10
751600,18,9
752100,18,9
752150,23,11
752200,16,8
752250,19,10
752500,20,10
752600,22,11
752700,24,12
753100,17,8
753150,21,10
753400,17,8
753500,24,12
753750,20,10
753850,21,10
754050,20,10
754450,21,11
754600,18,9
754750,17,9
754850,23,12
755050,19,9
755300,24,12
755400,18,9
755700,16,8
755800,23,12
756000,21,11
756250,21,11
756350,19,10
756600,21,11
756900,22,11
756950,16,8
757400,17,8
757550,18,9
757600,17,8
757650,18,9
757750,22,11
758350,20,10
758550,19,9
758600,23,11
759050,23,12
759250,22,11
759450,18,9
759500,17,8
759550,21,10
759600,21,11
759650,20,10
759700,17,8
760350,24,12
760450,24,12
760600,16,8
760800,16,8
760850,17,8
760950,23,12
761000,22,11
761100,23,12
761150,21,11
761300,16,8
761450,18,9
761500,24,12
761550,19,10
761750,23,11
762400,17,8
762650,17,8
762900,17,8
763450,17,8
763550,19,10
763900,24,12
764450,23,12
764750,18,9
764900,23,12
765000,24,12
765100,18,9
765250,20,10
765350,19,10
765550,17,8
765950,16,8
766400,23,12
766700,22,11
766750,19,10
767350,18,9
767500,20,10
767850,22,11
768250,19,10
768400,21,10
768800,22,11
768900,24,12
769000,18,9
769400,20,10
769500,19,9
770300,21,11
770350,22,11
770500,18,9
770750,19,9
770850,19,9
770950,16,8
771150,20,10
771250,17,8
771500,24,12
771600,20,10
771700,17,9
772000,21,11
772350,18,9
772400,22,11
773000,17,8
773350,16,8
773450,23,11
773500,22,11
773600,20,10
773750,21,10
773850,22,11
774050,23,12
774100,19,9
774150,23,12
774200,22,11
774550,24,12
774700,16,8
774800,22,11
775000,20,10
775300,20,10
775350,18,9
775750,17,8
776200,19,10
776600,20,10
776650,21,11
776750,16,8
776850,22,11
777450,23,12
778000,16,8
778100,19,9
778900,21,11
779000,24,12
779750,23,12
779800,17,9
780150,17,9
780300,22,11
780650,17,8
780800,24,12
781000,18,9
781300,20,10
781350,24,12
781600,17,8
781700,23,12
781950,24,12
782200,21,11
782250,22,11
782300,18,9
782450,19,10
782600,22,11
783000,19,10
783200,24,12
784250,23,12
784300,21,11
784650,19,10
784950,18,9
785200,16,8
785350,17,8
786500,23,12
786550,16,8
786700,16,8
786800,19,9
786850,24,12
787000,21,11
787050,16,8
787100,24,12
787650,23,12
787750,24,12
788000,17,8
788350,21,11
788400,24,12
788800,22,11
789050,17,8
789150,20,10
789350,24,12
789450,21,11
789500,16,8
789550,18,9
789750,20,10
789900,23,12
790150,24,12
790200,23,11
790250,18,9
790350,17,8
790500,22,11
790550,20,10
790600,23,12
790650,18,9
791150,20,10
791500,24,12
791750,17,8
792200,20,10
792250,18,9
792300,23,12
792350,17,8
792750,17,8
792850,24,12
793250,21,10
793300,23,11
793600,24,12
794050,23,12
794500,22,11
794800,17,8
794850,22,11
795300,22,11
795400,21,11
795650,22,11
796000,19,9
796400,21,11
796750,23,12
797000,17,8
797050,22,11
797150,22,11
797300,16,8
797350,17,9
797400,18,9
797650,16,8
797800,22,11
797950,24,12
798250,21,10
798350,17,8
798500,20,10
798950,20,10
799150,17,8
799200,20,10
799350,20,10
799550,19,10
799600,18,9
799700,18,9
799950,23,11
800150,21,11
800450,20,10
800500,20,10
800800,20,10
801150,24,12
801600,17,8
801750,21,11
801950,21,10
802200,19,10
802500,16,8
802550,22,11
802700,20,10
803100,21,11
803200,21,11
803350,23,12
803450,19,9
803650,22,11
803700,18,9
803900,22,11
803950,23,12
804000,17,8
804050,17,9
804300,22,11
804500,18,9
804800,23,12
804850,18,9
805300,18,9
805400,24,12
805550,18,9
805850,17,8
805900,17,9
806000,20,10
806100,16,8
806550,23,12
806650,17,8
806700,22,11
807100,18,9
807200,17,9
807400,16,8
807450,16,8
807500,21,11
807600,20,10
807750,18,9
807900,23,12
808150,23,12
808550,22,11
809250,24,12
809550,24,12
809600,19,9
809700,17,8
809900,22,11
810000,17,8
810100,21,11
810200,19,10
810300,21,11
810650,19,10
811100,23,11
811200,18,9
811600,22,11
811950,22,11
812450,24,12
812500,22,11
813200,18,9
813250,18,9
813450,23,12
813750,17,9
813850,19,9
814000,22,11
814050,19,10
814200,16,8
814750,17,8
815250,20,10
815350,18,9
815600,21,10
816650,18,9
816850,22,11
817150,24,12
817200,23,12
817500,19,9
817650,17,8
817700,19,9
817950,18,9
818000,21,10
818050,16,8
818150,19,10
818350,16,8
818650,24,12
818700,21,11
818750,18,9
818850,23,11
819050,24,12
819200,24,12
819550,20,10
819700,19,9
819800,17,8
820100,24,12
820300,17,8
820500,16,8
820550,16,8
820800,21,11
821150,18,9
821450,17,8
821500,20,10
821550,18,9
821800,16,8
822200,17,9
822300,24,12
822650,16,8
822700,17,8
823250,24,12
823650,20,10
824000,24,12
824300,24,12
824400,20,10
824650,19,9
824750,21,10
825200,17,8
825400,18,9
825500,23,11
825600,22,11
825650,18,9
825750,22,11
825900,20,10
826100,21,11
826150,17,8
826400,17,8
826800,16,8
827200,23,12
827750,19,10
827850,18,9
827900,21,10
828000,23,11
828050,22,11
828100,22,11
828150,23,12
828800,17,8
829700,23,12
829850,18,9
830250,16,8
830300,18,9
830400,17,8
830600,24,12
830750,20,10
831100,18,9
831750,18,9
831950,24,12
832000,16,8
832250,24,12
832300,16,8
832450,21,10
832500,23,12
832600,24,12
833000,18,9
833200,18,9
833250,19,9
833500,20,10
833650,21,11
833750,23,12
834050,17,8
834100,23,12
834200,17,8
834300,16,8
834600,21,10
835100,23,12
835350,19,9
835450,22,11
835500,17,9
835650,17,8
835850,22,11
836250,17,8
836400,22,11
836450,23,12
836750,17,8
837000,21,10
837250,21,11
837300,19,10
837500,18,9
837550,18,9
837700,19,9
837950,17,8
838000,16,8
838050,16,8
838200,23,12
838300,23,12
838450,20,10
838650,21,11
838700,20,10
838750,20,10
839250,19,9
839800,18,9
839850,20,10
839900,16,8
840300,17,8
840350,18,9
840400,16,8
840550,16,8
840700,18,9
840800,21,11
841000,24,12
841300,21,10
841400,22,11
841550,24,12
841700,18,9
841750,23,12
841950,23,12
842000,24,12
842150,22,11
842200,22,11
842300,21,11
842350,24,12
842400,18,9
842450,19,10
842800,20,10
843500,24,12
843900,22,11
843950,17,8
844450,17,8
844550,22,11
844700,18,9
844950,22,11
845250,18,9
845350,22,11
846000,22,11
846150,19,10
846400,22,11
846550,22,11
846650,22,11
847100,24,12
847150,20,10
847350,21,10
847450,16,8
848600,22,11
848700,18,9
848800,23,11
848950,20,10
849000,17,8
849050,23,12
849350,16,8
849750,24,12
849800,21,10
849900,23,12
850000,22,11
850050,23,12
850350,20,10
850450,16,8
850500,16,8
850650,21,10
850900,17,8
851500,20,10
851750,24,12
851900,24,12
852050,21,10
852300,18,9
852550,17,9
852950,18,9
853000,16,8
853950,17,8
854450,23,12
854550,17,8
855000,17,8
855050,17,9
855100,23,12
855200,17,9
855500,16,8
855700,23,12
855750,20,10
855800,17,8
856150,22,11
856300,20,10
856450,21,10
856750,18,9
856850,16,8
856900,22,11
857050,22,11
857250,23,12
857450,20,10
857500,23,12
857700,18,9
857850,19,9
857900,21,11
858150,17,8
858500,21,10
858750,19,10
859550,21,11
859700,21,11
859750,20,10
859850,19,9
860150,16,8
860200,20,10
860300,19,10
860550,16,8
860750,24,12
860900,24,12
861300,23,12
861350,19,9
861400,24,12
861650,20,10
862300,23,12
862800,22,11
862950,20,10
863000,24,12
863050,24,12
863150,21,11
863550,24,12
863850,21,10
863900,23,12
864050,23,12
864550,20,10
864900,19,9
864950,23,12
865300,17,9
865800,23,12
865850,19,10
866200,20,10
866500,16,8
866550,21,11
866800,20,10
866900,21,11
867100,19,10
867200,18,9
867300,17,8
867850,16,8
868150,17,9
868200,16,8
868300,20,10
868450,18,9
868550,17,8
868600,24,12
869100,19,10
869700,23,12
870000,24,12
870100,24,12
870200,21,11
870250,24,12
870400,22,11
870550,18,9
870950,24,12
871050,20,10
871450,16,8
871500,23,12
872250,22,11
872350,23,12
872600,22,11
872950,21,11
873450,17,8
873750,18,9
873900,21,10
873950,19,10
874250,22,11
875050,22,11
875150,20,10
875200,24,12
875500,19,10
875750,19,9
876100,18,9
876300,23,12
877100,22,11
877300,20,10
877350,19,10
877700,18,9
877800,21,11
877850,23,12
877900,17,8
878000,20,10
878100,24,12
878200,18,9
878250,17,8
879100,20,10
879250,23,11
879300,23,12
879350,21,11
879550,16,8
879600,21,10
879900,20,10
879950,21,10
880000,19,9
880300,19,9
880350,21,10
880400,24,12
880450,18,9
880800,22,11
880850,22,11
880900,17,8
880950,22,11
881250,19,9
881350,24,12
881750,20,10
882350,18,9
882750,21,10
883050,23,12
883250,20,10
883350,20,10
883550,16,8
883600,22,11
883700,18,9
883750,23,12
884300,22,11
884550,17,8
884800,22,11
885150,24,12
885650,16,8
885700,16,8
885800,21,11
886050,24,12
886300,16,8
886350,20,10
886400,19,9
886500,23,12
886650,23,11
886700,24,12
887150,20,10
887350,16,8
887500,21,10
887850,17,8
887900,20,10
888000,23,12
888150,22,11
888200,20,10
888350,17,8
888400,24,12
888600,22,11
888800,24,12
889100,24,12
889200,24,12
889350,18,9
889950,17,9
890150,24,12
890200,23,12
890250,18,9
890350,23,11
890650,22,11
890800,17,8
890950,24,12
891100,24,12
891150,17,8
891200,22,11
891650,17,8
891700,18,9
891750,21,11
892050,23,12
892250,21,11
892300,22,11
892450,20,10
892500,21,11
892550,18,9
892600,19,10
892750,23,12
892800,23,12
892850,18,9
892950,19,9
893000,16,8
893200,17,9
893400,24,12
893450,22,11
893600,18,9
893700,17,8
893750,16,8
894200,22,11
894300,21,11
894550,23,12
894650,21,10
894750,20,10
894800,20,10
895000,24,12
895100,18,9
895200,19,9
895350,17,9
895400,21,11
895700,24,12
895950,23,12
896000,22,11
896300,20,10
896700,23,12
897350,19,9
897400,18,9
897600,16,8
897650,20,10
897950,18,9
898050,21,11
898400,23,12
898450,19,9
898500,16,8
898800,21,10
899050,24,12
899700,22,11
899800,20,10
899950,17,8
900050,17,8
900900,22,11
901050,16,8
901450,21,11
902100,19,10
902350,21,10
902400,23,12
902450,18,9
902600,16,8
902650,17,8
902850,20,10
902900,19,9
902950,24,12
903150,17,9
903250,17,9
903300,23,12
904400,19,10
904650,21,11
905050,21,11
905150,19,10
905650,21,11
905800,20,10
906050,18,9
906550,21,11
906650,22,11
906700,16,8
907150,23,12
907200,20,10
907300,20,10
907400,24,12
907600,21,10
907650,18,9
907700,22,11
908250,17,8
908300,16,8
908350,24,12
908400,24,12
908450,17,9
909150,18,9
909250,23,12
909350,16,8
909500,16,8
909750,17,9
909800,23,12
910300,24,12
910750,24,12
910850,21,11
910900,21,11
911200,17,8
911400,17,8
911550,17,8
911600,19,9
911900,16,8
911950,16,8
912650,20,10
912700,22,11
912950,19,9
913350,19,10
913650,23,12
913800,19,9
914000,23,11
914500,18,9
914700,22,11
914950,17,8
915050,20,10
915600,17,8
915650,21,11
915950,23,11
916300,17,8
916700,18,9
916800,24,12
916850,17,9
917300,18,9
917400,22,11
917450,19,10
917500,21,10
917550,18,9
919250,19,9
919450,22,11
919600,23,12
919650,19,10
919850,17,8
920000,19,9
920250,18,9
920350,22,11
920400,18,9
920700,18,9
920800,22,11
920900,22,11
920950,19,9
921250,21,10
921350,20,10
921850,19,9
922100,24,12
922350,16,8
922750,22,11
922950,18,9
923000,16,8
923150,19,9
923600,23,11
923950,19,9
924100,23,12
924250,20,10
924400,23,12
924650,17,9
924700,24,12
924900,16,8
925150,18,9
925250,21,11
925500,24,12
925550,19,10
925750,24,12
926000,22,11
926100,16,8
926250,24,12
926300,21,10
926400,24,12
926550,19,10
926600,19,10
926700,18,9
926750,24,12
927050,24,12
927200,16,8
927350,22,11
927500,21,11
927550,19,10
928050,23,12
928100,18,9
928250,22,11
928350,22,11
928700,18,9
928900,17,9
929150,16,8
929300,23,12
929600,20,10
929750,21,10
929900,22,11
930150,20,10
930200,16,8
930250,23,12
930450,17,8
930500,24,12
930600,16,8
930650,22,11
930750,24,12
931200,21,10
931400,23,11
931450,19,9
931500,16,8
931650,20,10
931850,22,11
931950,23,12
932000,21,10
932050,16,8
932100,23,12
932200,20,10
932300,22,11
932350,22,11
932500,18,9
932700,23,11
932750,16,8
932800,22,11
933050,21,10
933150,24,12
933350,22,11
933650,17,9
933800,24,12
934100,23,12
934250,20,10
934400,19,9
934450,24,12
934650,19,10
935050,19,9
935100,21,11
935450,16,8
935500,16,8
935550,23,12
935800,19,9
936500,22,11
936700,16,8
936800,21,11
936950,20,10
937250,18,9
937500,17,9
938050,24,12
938100,19,10
938150,21,11
938400,24,12
938500,16,8
938950,16,8
939000,23,12
939050,24,12
939200,18,9
939700,18,9
940050,22,11
940100,20,10
940550,19,9
940650,17,8
941050,16,8
941400,22,11
941500,21,11
941600,24,12
941750,23,12
941950,22,11
942050,21,10
942550,18,9
942700,20,10
942800,24,12
943150,24,12
943350,23,12
943450,21,11
943550,19,9
943950,24,12
944050,17,8
944450,17,8
944500,21,11
944600,20,10
944700,19,9
945400,24,12
946250,18,9
946700,21,10
946800,24,12
947000,23,11
947300,20,10
947400,20,10
947500,24,12
947800,17,8
947950,16,8
948100,24,12
948150,21,11
948200,21,11
948300,22,11
948800,18,9
949000,16,8
949050,20,10
950200,22,11
950700,22,11
951000,20,10
951100,21,11
951250,21,11
951400,23,12
951800,22,11
951850,24,12
952050,18,9
952100,19,9
952250,19,10
952800,24,12
952950,17,8
953000,17,8
953200,16,8
953450,24,12
953700,24,12
953900,17,8
954150,22,11
954200,17,8
954350,21,11
954450,17,8
955050,18,9
955100,17,8
955450,21,10
955650,17,8
955750,20,10
955850,16,8
956350,19,9
956400,17,8
956700,24,12
956750,16,8
956800,24,12
956900,22,11
957150,20,10
957300,24,12
957350,24,12
957550,22,11
957600,19,9
957950,19,9
958300,24,12
958350,16,8
958650,20,10
958700,17,8
958900,17,8
959200,16,8
959250,16,8
959300,23,12
959650,23,12
959750,21,11
959850,21,11
959900,21,10
959950,20,10
960000,24,12
960050,23,12
961750,20,10
961900,19,9
962050,19,10
962600,16,8
962650,20,10
962900,19,9
963100,21,11
963300,21,10
963400,16,8
963450,20,10
963600,19,9
963650,24,12
964100,19,10
964250,21,11
964400,17,8
964550,16,8
964800,18,9
965350,22,11
965400,19,9
965450,18,9
965550,21,10
965800,21,11
965850,17,8
966000,16,8
966450,20,10
966750,17,8
967100,21,11
967200,17,8
967400,22,11
967600,20,10
967700,18,9
967750,20,10
967800,16,8
967900,23,12
968150,24,12
968300,20,10
968800,20,10
969150,22,11
969200,24,12
969250,16,8
969300,18,9
970000,20,10
970050,20,10
970700,21,11
970850,23,12
970950,16,8
971450,21,11
971550,17,9
971700,22,11
971750,20,10
972000,19,10
972100,23,12
972200,17,8
972400,21,11
972700,18,9
972800,23,12
972950,18,9
973000,19,9
973400,20,10
973650,18,9
973700,22,11
974250,19,10
974650,23,12
974700,20,10
974850,17,9
975000,23,12
975150,24,12
975200,20,10
975450,22,11
976200,21,11
976250,20,10
976300,20,10
976600,23,12
976700,19,9
976800,24,12
977000,17,8
977250,17,8
977300,20,10
977450,17,9
977500,20,10
977850,20,10
977900,19,10
977950,20,10
978000,17,9
978750,16,8
978800,19,10
978900,19,9
979000,19,9
979150,21,11
979300,16,8
979400,18,9
979500,17,8
979600,17,8
979700,21,11
979950,18,9
980050,23,12
980150,21,11
980600,24,12
980700,19,10
981000,24,12
981200,17,8
981550,16,8
981600,20,10
981850,16,8
982000,24,12
982100,24,12
982400,16,8
982600,23,12
982700,22,11
982750,16,8
982900,22,11
983000,22,11
983250,17,8
983550,16,8
983750,23,12
983800,18,9
983850,24,12
983950,21,11
984050,19,10
984100,22,11
984200,20,10
984250,20,10
984300,24,12
984350,21,10
984900,18,9
985050,19,10
985200,19,9
985250,17,8
985300,16,8
985400,17,8
985600,20,10
985750,17,8
985900,17,8
986200,18,9
986350,18,9
986800,19,10
986850,24,12
987000,20,10
987050,17,9
987250,17,9
987300,19,9
987400,20,10
987600,22,11
987650,20,10
987700,19,9
988200,21,11
988300,24,12
988350,17,8
989000,22,11
989050,16,8
989250,24,12
989400,16,8
989450,21,10
989650,21,11
990350,20,10
990600,21,10
990650,17,8
990700,24,12
990750,23,11
991100,21,10
991550,21,10
991650,23,12
991850,22,11
992100,21,10
992150,21,10
992200,21,10
992500,21,10
992850,24,12
992950,22,11
993100,19,10
993600,19,9
993850,20,10
994000,19,9
994050,17,9
994150,19,9
994400,24,12
994800,23,12
994950,19,9
995050,18,9
995150,21,11
995200,20,10
995300,18,9
995350,19,10
995400,16,8
995450,17,9
995850,20,10
996300,21,11
996400,20,10
996500,22,11
996550,22,11
996600,18,9
996750,24,12
997000,21,11
997150,21,11
997550,21,11
997750,20,10
998250,22,11
998350,17,8
998500,24,12
998700,22,11
999250,16,8
999400,24,12
999500,19,9
999650,19,9
